numpy,1745,
torch,428,
nltk,358,
tensorflow,332,
pandas,277,
numpy torch,169,
keras,159,
tokenizers,148,
joblib numpy,137,
xgboost,121,
numpy pandas keras, 118
numpy tensorflow,112,
cudf numpy,84,
numpy xgboost,76,
sklearn,75,
keras nltk,61,
joblib,61,
keras numpy,57,
imbalanced-learn,44,
nltk numpy,41,
nltk tensorflow,39,
tokenizers torch,34,
numpy scipy,28,
cudf,25,
numpy sklearn,22,
torchtext,22,
nltk tokenizers,22,
keras numpy torch,16,
nltk torch,10,
gensim,10,
textblob,9,
pandas torch,8,
nltk pandas,7,
cudf xgboost,7,
nltk numpy tensorflow,5,
keras torch,4,
keras pandas,4,
joblib numpy torch,4,
numpy pandas tensorflow,4,
tensorflow tokenizers,4,
numpy pandas xgboost,4,
pandas xgboost,4,
gensim nltk,4,
keras tokenizers,4,
fancyimpute numpy,3,
nltk torchtext,3,
joblib numpy xgboost,3,
keras nltk numpy,3,
joblib nltk,3,
numpy sklearn tensorflow,3,
imbalanced-learn numpy,3,
numpy scipy xgboost,3,
sklearn torch,2,
nltk xgboost,2,
cudf numpy xgboost,2,
joblib torch,2,
sklearn xgboost,2,
imblearn numpy,2,
cleanlab numpy,2,
joblib numpy pandas,2,
numpy pandas sklearn,2,
numpy tokenizers,2,
transformers,2,
joblib numpy sklearn,2,
nltk numpy pandas,2,
nltk numpy torch,2,
scipy,2,
numpy tensorflow torch,2,
cudf numpy torch,2,
imbalanced-learn sklearn,2,
imbalanced-learn nltk,2,
keras tensorflow,1,
nltk numpy tokenizers xgboost,1,
joblib numpy tensorflow,1,
joblib xgboost,1,
tensorflow torch,1,
joblib keras nltk,1,
numpy torchtext,1,
nltk numpy textblob,1,
pandas sklearn,1,
torch transformers,1,
pandas tokenizers,1,
keras tensorflow tokenizers,1,
fairseq,1,
nltk transformers,1,
numpy tokenizers torch,1,
imbalanced-learn numpy pandas,1,
fancyimpute sklearn,1,
imbalanced-learn pandas,1,
nltk tensorflow transformers,1,
joblib torchtext,1,
imbalanced-learn nltk numpy,1,
nltk pandas tensorflow tokenizers,1,
keras-preprocessing numpy,1,
pandas textblob,1,
gensim tensorflow,1,
numpy scipy tensorflow,1,
imbalanced-learn numpy tensorflow,1,
pandas tensorflow,1,
cudf nltk,1,
cudf keras,1,
nltk pandas tensorflow,1,
joblib pandas,1,
gensim joblib numpy tensorflow,1,
gensim joblib,1,
numpy sklearn torch,1,
pyspark,1,
imbalanced-learn xgboost,1,
datatable,1,
numpy torch xgboost,1,