pandas,3858,
numpy pandas torch,807,
pandas torch,553,
nltk pandas,521,
opencv-python numpy pandas torch,487,
lightgbm pandas,439,
pandas tensorflow,409,
numpy pandas tensorflow,315,
opencv-python pandas,246,
opencv-python numpy pandas,219,
nltk numpy pandas,184,
opencv-python pandas torch,154,
lightgbm numpy pandas,113,
opencv-python pandas tensorflow,101,
opencv-python numpy pandas tensorflow,60,
keras numpy pandas,53,
librosa pandas torch,38,
numpy,36,
cv2 numpy pandas torch,36,
pandas sklearn,35,
torch,32,
numpy pandas rasterio torch,31,
nltk numpy pandas torch,29,
datatable pandas,28,
cv2 numpy pandas,28,
nltk pandas torch,26,
cudf,23,
numpy torch,23,
nltk numpy pandas tensorflow,22,
lightgbm,21,
numpy pandas sklearn,20,
keras-preprocessing pandas,20,
datatable,19,
datatable numpy pandas,19,
lightgbm pandas sklearn,17,
keras pandas,15,
cv2 pandas,15,
pandas tez,13,
librosa numpy pandas torch,13,
pandas rasterio,13,
autogluon pandas,13,
cv2 numpy pandas tensorflow,13,
datatable lightgbm pandas torch,13,
pandas rasterio tensorflow,12,
datatable numpy,12,
opencv-python keras numpy pandas,11,
tensorflow,11,
opencv-python detectron2 pandas,11,
pandas rasterio torch,11,
fairseq ,10,
numpy tensorflow,9,
datatable lightgbm pandas,9,
cudf opencv-python numpy pandas,9,
cv2 pandas tensorflow,9,
lightgbm nltk pandas,8,
lightgbm numpy pandas torch,8,
opencv-python,8,
gluoncv numpy pandas,8,
cv2 detectron2 pandas,8,
opencv-python numpy pandas tensorflow torch,7,
librosa numpy pandas,7,
cv2 pandas torch,7,
cudf numpy pandas,6,
keras pandas tensorflow,6,
pandas torch torchaudio,6,
cudf pandas,6,
cudf opencv-python numpy pandas torch,6,
datasets pandas torch,5,
cudf numpy pandas tensorflow,5,
nltk pandas tensorflow,4,
nltk numpy pandas tensorflow torch,4,
numpy pandas torch transformers,4,
cudf lightgbm pandas,4,
lightgbm numpy pandas sklearn,4,
numpy pandas torch torchvision,4,
opencv-python keras pandas,4,
fairseq pandas torch,4,
numpy pandas tensorflow torch,4,
librosa pandas,4,
datatable numpy pandas torch,4,
dask numpy,4,
opencv-python nltk pandas,4,
cudf opencv-python numpy pandas tensorflow torch,4,
opencv-python nltk numpy pandas,4,
lightgbm pandas torch,3,
cudf numpy pandas torch,3,
pandas tensorflow torch,3,
opencv-python keras numpy pandas torch,3,
keras keras-preprocessing pandas,3,
pandas torch torchvision,3,
chainer numpy pandas,3,
opencv-python torch,3,
fairseq pandas,3,
opencv-python dlib pandas,3,
opencv-python librosa pandas,3,
pandas sklearn tensorflow,3,
librosa numpy pandas tensorflow,3,
cv2,3,
allennlp pandas,2,
lightgbm nltk numpy pandas torch,2,
datasets pandas,2,
lightgbm nltk numpy pandas,2,
keras numpy pandas tensorflow,2,
imageio pandas,2,
pandas tez torch,2,
imageio numpy pandas,2,
opencv-python pandas torch torchvision,2,
opencv-python lightgbm numpy pandas,2,
opencv-python dlib pandas torch,2,
nltk,2,
opencv-python librosa pandas torch,2,
geopandas librosa numpy pandas,2,
opencv-python detectron2 numpy pandas,2,
imageio torch,2,
opencv-python numpy pandas rasterio torch,2,
pandas torch zarr,2,
numpy pandas rasterio tensorflow,2,
datatable numpy torch,2,
cudf pandas sklearn,2,
nltk numpy,1,
nltk numpy pandas sklearn,1,
cudf torch,1,
imageio pandas torch,1,
opencv-python numpy pandas sklearn torch,1,
numpy pandas tez,1,
dask pandas,1,
opencv-python keras-preprocessing numpy pandas,1,
opencv-python keras-preprocessing pandas tensorflow,1,
opencv-python keras pandas tensorflow,1,
fastai pandas torch,1,
opencv-python keras-preprocessing pandas,1,
sklearn,1,
numpy pandas sklearn tensorflow,1,
chainer pandas,1,
numpy pandas sklearn torch,1,
fairseq nltk pandas torch,1,
chainer lightgbm numpy pandas,1,
opencv-python numpy torch,1,
opencv-python dlib numpy pandas torch,1,
opencv-python numpy pandas torch torchvision,1,
gensim nltk numpy pandas,1,
nltk pandas sklearn,1,
fastai pandas,1,
mxnet pandas,1,
opencv-python pandas torch torchaudio,1,
librosa pandas torchaudio,1,
gluoncv mxnet numpy pandas,1,
opencv-python numpy,1,
opencv-python gluoncv numpy pandas,1,
detectron2 pandas,1,
lightgbm numpy pandas tensorflow,1,
keras-preprocessing numpy pandas tensorflow,1,
geopandas pandas,1,
pandas zarr,1,
pandas rasterio tensorflow torch,1,
opencv-python numpy rasterio,1,
opencv-python numpy pandas rasterio tensorflow,1,
rasterio,1,
opencv-python pandas rasterio,1,
datatable pandas tensorflow,1,
numpy tensorflow torch,1,
datatable lightgbm,1,
cudf numpy,1,
opencv-python numpy pandas tez torch,1,
cudf opencv-python pandas,1,
cudf opencv-python nltk numpy pandas,1,
cv2 numpy,1,
cv2 detectron2 numpy pandas,1,
autokeras pandas,1,
autogluon,1,
datasets nltk pandas,1,
cv2 numpy pandas tensorflow torch,1,
cv2 detectron2 numpy pandas torch,1,
datatable lightgbm numpy pandas,1,
datatable numpy pandas tensorflow,1,
