sklearn,1295,
pandas sklearn,1133
numpy,701,
keras,385,
tensorflow,359,
pandas,357,
opencv-python,321,
numpy tensorflow,294,
albumentations opencv-python,264,
nltk sklearn,258,
numpy sklearn,257,
torch,255,
numpy category_encoders,238,
opencv-python numpy,167,
torchvision,133,
nltk,126,
albumentations,114,
category_encoders nltk,108,
opencv-python numpy tensorflow,108,
transformers,92,
keras numpy,89,
opencv-python keras,88,
lightgbm,87,
opencv-python torchvision,85,
opencv-python tensorflow,67,
numpy torch,61,
optuna,60,
keras sklearn,60,
albumentations opencv-python torch,49,
cv2,48,
albumentations opencv-python numpy,47,
albumentations numpy,47,
opencv-python pandas,47,
opencv-python keras numpy,41,
numpy pandas,40,
category_encoders sklearn,39,
lightgbm numpy sklearn,37,
sklearn torch,37,
scipy sklearn,35,
numpy torchvision,34,
keras nltk,34,
sklearn tensorflow,33,
scipy,32,
torch torchvision,32,
numpy pandas sklearn,31,
opencv-python librosa numpy,31,
torch transformers,30,
opencv-python keras pandas,30,
opencv-python torch,29,
albumentations cuml opencv-python,26,
lightgbm pandas,25,
numpy sklearn tensorflow,25,
lightgbm numpy,24,
albumentations torch,23,
opencv-python numpy rasterio,22,
xgboost,19,
fbprophet,19,
albumentations cv2,19,
keras tensorflow,19,
opencv-python sklearn,19,
cv2 numpy,19,
opencv-python numpy rasterio tensorflow,19,
cuml opencv-python,18,
opencv-python numpy torchvision,17,
nltk numpy sklearn,16,
numpy sklearn torch,16,
keras pandas,16,
numpy scipy,16,
opencv-python torch torchvision,16,
nltk numpy,15,
optuna sklearn,15,
sklearn torchvision,15,
keras nltk sklearn,14,
pandas tensorflow,14,
albumentations opencv-python numpy torch,14,
opencv-python numpy rasterio torch,14,
keras nltk numpy torch,13,
keras torch,13,
cv2 numpy tensorflow,13,
albumentations numpy torch,13,
cv2 tensorflow,13,
shap,12,
category_encoders pandas sklearn,12,
textblob,11,
lightgbm sklearn,11,
pandas sklearn torch,11,
pandas scipy sklearn,11,
sklearn transformers,10,
nltk transformers,10,
numpy transformers,10,
keras numpy torch,10,
opencv-python numpy torch torchvision,10,
opencv-python numpy torch,10,
nltk sklearn transformers,10,
sklearn textblob,9,
keras numpy tensorflow,9,
albumentations opencv-python pandas,9,
numpy sklearn torchvision,9,
eli5,9,
numpy pandas scipy,9,
albumentations opencv-python torchvision,9,
librosa,9,
albumentations cv2 numpy,9,
opencv-python gluoncv mxnet numpy,9,
albumentations tensorflow,8,
imagehash keras,8,
numpy scipy sklearn,8,
numpy torch torchvision,8,
category_encoders pandas,8,
nltk torch,7,
nltk sklearn textblob,7,
albumentations opencv-python scipy,7,
albumentations opencv-python sklearn,7,
keras transformers,7,
pandas sklearn tensorflow,7,
cuml tensorflow,7,
shap sklearn,7,
numpy optuna,6,
albumentations torch torchvision,6,
opencv-python keras numpy tensorflow,6,
keras numpy sklearn,6,
albumentations opencv-python sklearn torchvision,6,
sklearn xgboost,6,
fbprophet numpy,6,
numpy torch transformers,6,
gensim sklearn,6,
torchaudio,6,
opencv-python detectron2,6,
albumentations opencv-python numpy rasterio torch,6,
cuml,6,
optuna pandas,6,
nltk numpy torch,5,
albumentations torchvision,5,
albumentations numpy tensorflow,5,
opencv-python keras numpy sklearn,5,
opencv-python imgaug sklearn,5,
numpy pandas tensorflow,5,
albumentations opencv-python numpy rasterio torch torchvision,5,
numpy xgboost,4,
albumentations opencv-python numpy tensorflow,4,
albumentations opencv-python scipy torch,4,
sklearn torch torchvision,4,
category_encoders lightgbm,4,
keras nltk numpy,4,
keras nltk torch,4,
mxnet,4,
statsmodels,4,
fastai,4,
albumentations opencv-python numpy sklearn,4,
opencv-python numpy pandas,4,
category_encoders numpy,4,
nltk pandas sklearn,4,
opencv-python librosa numpy sklearn,4,
opencv-python pandas torch,4,
albumentations opencv-python sklearn torch,4,
opencv-python numpy sklearn,4,
albumentations cuml opencv-python tensorflow,4,
albumentations cuml torch,4,
fuzzywuzzy,4,
nltk tensorflow,3,
nltk numpy sklearn torch,3,
nltk numpy scipy sklearn,3,
tensorflow transformers,3,
numpy sklearn statsmodels,3,
eli5 numpy,3,
numpy shap sklearn,3,
numpy shap,3,
opencv-python keras tensorflow,3,
albumentations opencv-python numpy torchvision,3,
gensim nltk sklearn,3,
albumentations opencv-python tensorflow,3,
opencv-python imgaug keras numpy,3,
cuml sklearn,3,
numpy sklearn statsmodels tensorflow,3,
opencv-python imgaug sklearn tensorflow,3,
opencv-python imgaug numpy sklearn tensorflow torchvision,3,
opencv-python numpy pandas torch torchvision,3,
pandas scipy,3,
sklearn torch transformers,3,
category_encoders nltk sklearn,3,
gensim nltk,3,
albumentations catalyst torch,3,
cv2 torch torchvision,3,
librosa torchvision,3,
librosa numpy sklearn,3,
numpy pandas sklearn tensorflow,3,
albumentations opencv-python pandas torch,3,
lofo,3,
cudf,3,
eli5 lightgbm,3,
nltk numpy tensorflow,2,
nltk textblob,2,
nltk numpy sklearn torch transformers,2,
numpy sklearn textblob,2,
scipy sklearn torch,2,
nltk sklearn torch,2,
lightgbm numpy shap sklearn,2,
albumentations opencv-python imgaug numpy tensorflow torchvision,2,
opencv-python imgaug,2,
albumentations numpy scipy,2,
cuml opencv-python numpy tensorflow,2,
opencv-python keras sklearn,2,
imgaug pandas,2,
pandas xgboost,2,
keras scipy,2,
fuzzywuzzy sklearn,2,
sentencepiece,2,
tsfresh,2,
eli5 scipy sklearn,2,
pandas statsmodels,2,
albumentations opencv-python keras numpy,2,
lofo sklearn,2,
lightgbm numpy pandas,2,
shap xgboost,2,
opencv-python imgaug numpy sklearn,2,
opencv-python sklearn torchvision,2,
imagehash,2,
albumentations opencv-python numpy pandas,2,
opencv-python pandas sklearn,2,
albumentations pandas,2,
albumentations opencv-python numpy torch torchvision,2,
category_encoders lightgbm sklearn,2,
numpy tensorflow transformers,2,
nltk sklearn tensorflow,2,
category_encoders scipy,2,
category_encoders numpy sklearn,2,
pandas torch,2,
gensim sklearn textblob,2,
nltk torch transformers,2,
category_encoders nltk numpy sklearn,2,
keras textblob,2,
gensim nltk numpy,2,
albumentations numpy tensorflow torch,2,
cv2 keras numpy,2,
cv2 keras sklearn,2,
albumentations scipy,2,
albumentations opencv-python imgaug torchvision,2,
nltk numpy transformers,2,
opencv-python librosa numpy torch,2,
torch torchaudio,2,
gluoncv mxnet,2,
albumentations opencv-python torch torchvision,2,
opencv-python pandas torchvision,2,
albumentations catalyst,2,
opencv-python pandas sklearn tensorflow,2,
category_encoders tensorflow,2,
opencv-python numpy sklearn tensorflow,2,
albumentations opencv-python numpy rasterio torchvision,2,
opencv-python numpy sklearn torch torchvision,2,
cuml opencv-python transformers,2,
albumentations cuml opencv-python tensorflow transformers,2,
albumentations cuml opencv-python torch,2,
keras sklearn tensorflow,2,
cuml opencv-python tensorflow,2,
albumentations cuml opencv-python sklearn,2,
featuretools optuna,2,
albumentations cv2 numpy torchvision,2,
optuna shap,2,
lightgbm xgboost,2,
optuna pandas sklearn,2,
lightgbm shap,2,
nltk pandas,2,
mlxtend sklearn,2,
optuna shap sklearn,2,
numpy statsmodels,2,
opencv-python imgaug numpy torchvision,2,
opencv-python imgaug torchvision,2,
numpy sklearn transformers,1,
lightgbm nltk numpy,1,
keras nltk numpy scipy sklearn,1,
librosa numpy sklearn tsfresh,1,
lightgbm numpy xgboost,1,
numpy shap tsfresh,1,
lofo numpy,1,
albumentations numpy torchvision,1,
imgaug numpy,1,
imgaug torchvision,1,
albumentations numpy scipy tensorflow,1,
albumentations opencv-python optuna,1,
albumentations numpy pandas,1,
albumentations opencv-python numpy pandas tensorflow,1,
opencv-python imagehash sklearn,1,
opencv-python imagehash,1,
category_encoders eli5,1,
keras numpy sklearn torch,1,
keras nltk numpy sklearn,1,
keras nltk numpy sklearn torch,1,
keras nltk numpy textblob,1,
sklearn tsfresh,1,
albumentations numpy pandas tensorflow,1,
fastai numpy,1,
imgaug sklearn,1,
albumentations scipy torchvision,1,
optuna tensorflow,1,
albumentations opencv-python numpy scipy torch,1,
albumentations catalyst opencv-python numpy torch,1,
opencv-python imgaug numpy,1,
albumentations opencv-python keras,1,
opencv-python numpy segmentation_models,1,
featuretools,1,
eli5 numpy shap,1,
numpy pandas statsmodels,1,
numpy scipy sklearn tensorflow,1,
opencv-python keras numpy pandas,1,
opencv-python sklearn torchvision xgboost,1,
opencv-python imgaug numpy sklearn tensorflow,1,
opencv-python xgboost,1,
albumentations opencv-python imagehash pandas sklearn,1,
opencv-python numpy sklearn torchvision,1,
opencv-python imgaug keras numpy pandas,1,
lightgbm pandas sklearn xgboost,1,
numpy sentencepiece,1,
textblob xgboost,1,
albumentations nltk,1,
flair,1,
fuzzywuzzy numpy torch,1,
sentencepiece torch,1,
nltk numpy sklearn textblob transformers,1,
category_encoders numpy sklearn torch,1,
keras numpy pandas,1,
pandas shap xgboost,1,
pandas shap sklearn xgboost,1,
lightgbm numpy scipy sklearn,1,
numpy sklearn xgboost,1,
opencv-python librosa numpy torchvision,1,
category_encoders sklearn xgboost,1,
category_encoders numpy shap,1,
keras-preprocessing nltk,1,
nltk pandas sklearn tensorflow,1,
textblob transformers,1,
nltk scipy,1,
numpy scipy torch,1,
nltk pandas sklearn textblob,1,
eli5 nltk sklearn,1,
numpy sklearn torch transformers,1,
keras nltk sklearn textblob,1,
scipy transformers,1,
gensim nltk numpy sklearn,1,
tokenizers,1,
nltk numpy pandas,1,
fuzzywuzzy nltk,1,
nltk sklearn yellowbrick,1,
nltk shap sklearn,1,
keras numpy sklearn transformers,1,
keras nltk transformers,1,
keras nltk scipy sklearn torch,1,
keras sklearn torch,1,
flair sklearn,1,
keras numpy transformers,1,
gensim,1,
keras nltk tokenizers,1,
category_encoders nltk numpy pandas sklearn,1,
cv2 keras,1,
albumentations cv2 scipy,1,
cv2 keras numpy sklearn,1,
albumentations keras,1,
albumentations cv2 numpy scipy torch,1,
cv2 numpy torch torchvision,1,
cv2 numpy torch,1,
cv2 numpy scipy,1,
cv2 imgaug keras numpy,1,
librosa numpy torchvision,1,
albumentations opencv-python keras librosa numpy sklearn,1,
opencv-python librosa numpy sklearn tensorflow,1,
numpy torchaudio,1,
opencv-python librosa,1,
librosa numpy tensorflow,1,
librosa sklearn,1,
gluoncv,1,
albumentations opencv-python numpy sklearn torch torchvision,1,
detectron2,1,
keras pandas tensorflow,1,
opencv-python numpy pandas sklearn,1,
albumentations category_encoders torch,1,
numpy pandas tensorflow xgboost,1,
albumentations catalyst opencv-python pandas torch,1,
scipy shap sklearn,1,
albumentations opencv-python imgaug numpy,1,
albumentations numpy sklearn torch,1,
albumentations opencv-python scipy torchvision,1,
cuml numpy,1,
opencv-python pandas tensorflow,1,
lightgbm numpy sklearn tensorflow,1,
category_encoders pandas tensorflow,1,
scipy torchvision,1,
opencv-python scipy,1,
opencv-python scipy tensorflow,1,
opencv-python scipy sklearn,1,
opencv-python numpy pandas scipy xgboost,1,
opencv-python numpy pandas sklearn tensorflow,1,
numpy tensorflow torchvision,1,
opencv-python imutils pandas sklearn,1,
albumentations opencv-python numpy pandas sklearn torch,1,
opencv-python numpy pandas scipy,1,
opencv-python pandas sklearn torch torchvision,1,
numpy scipy sklearn torch,1,
opencv-python numpy scipy sklearn torch,1,
numpy tensorflow torch,1,
albumentations numpy rasterio,1,
opencv-python numpy rasterio torchvision,1,
opencv-python rasterio,1,
rasterio tensorflow,1,
albumentations numpy rasterio torch torchvision,1,
opencv-python numpy rasterio torch torchvision,1,
scipy sklearn statsmodels,1,
featurewiz sklearn,1,
lightgbm numpy optuna,1,
opencv-python sklearn tensorflow,1,
albumentations opencv-python tensorflow torchvision,1,
albumentations catalyst opencv-python,1,
opencv-python nltk,1,
cuml nltk sklearn tensorflow,1,
opencv-python transformers,1,
albumentations cuml opencv-python sklearn transformers,1,
opencv-python nltk sklearn,1,
opencv-python hdbscan nltk numpy,1,
cuml sklearn tensorflow,1,
cuml numpy sklearn torchvision,1,
cuml opencv-python fuzzywuzzy numpy sklearn,1,
albumentations opencv-python numpy torch transformers,1,
albumentations cuml opencv-python numpy tensorflow,1,
cuml imagehash,1,
albumentations cuml sklearn transformers,1,
opencv-python hdbscan numpy,1,
albumentations opencv-python sklearn tensorflow torch transformers,1,
cuml transformers,1,
opencv-python sklearn transformers,1,
albumentations cuml,1,
albumentations cuml opencv-python sklearn tensorflow,1,
cuml torchvision transformers,1,
opencv-python fuzzywuzzy numpy sklearn tensorflow,1,
cuml opencv-python keras numpy,1,
cuml opencv-python sklearn,1,
featuretools numpy,1,
cv2 numpy scipy torchvision,1,
albumentations detectron2,1,
cv2 imgaug numpy,1,
autokeras,1,
category_encoders cudf cuml pandas,1,
cudf numpy sklearn,1,
featuretools sklearn,1,
optuna scipy sklearn,1,
category_encoders cuml,1,
shap sklearn xgboost,1,
sklearn yellowbrick,1,
fuzzywuzzy torch,1,
lightgbm pandas sklearn,1,
pyspark,1,
lightgbm pandas xgboost,1,
lightgbm numpy shap,1,
lightgbm numpy pandas shap,1,
numpy optuna sklearn,1,
lightgbm shap sklearn,1,
eli5 shap xgboost,1,
mlxtend pandas sklearn,1,
eli5 pandas sklearn,1,
eli5 shap sklearn,1,
cv2 scipy,1,
albumentations cv2 torch,1,
albumentations cv2 numpy torch,1,
cv2 tensorflow torch,1,
cv2 torch,1,
albumentations opencv-python numpy tensorflow torchvision,1,
detectron2 numpy torchvision,1,
cv2 numpy torchvision,1,
sklearn statsmodels,1,
fbprophet shap,1,
featurewiz,1,
eli5 shap,1,
opencv-python numpy tensorflow torch,1,
imgaug,1,
category_encoders pandas sklearn torch,1,
numpy pandas sklearn torch,1,
numpy optuna pandas torch,1,
mlxtend,1,
lightgbm numpy pandas tensorflow,1,
lightgbm optuna pandas,1,
lightgbm optuna,1,
category_encoders pandas xgboost,1,
numpy pandas torch,1,
