sklearn,1503,
tensorflow,1422,
torch,993,
keras,851,
lightgbm,519,
keras tensorflow,501,
torch transformers,268,
sklearn tensorflow,256,
xgboost,150,
keras sklearn,186,
tensorflow transformers,121,
sklearn xgboost,146,
torch torchvision,142,
efficientnet tensorflow,131,
lightgbm sklearn,128,
keras sklearn tensorflow,121,
catboost,104,
sklearn torch,101,
sklearn transformers, 101,
efficientnet-pytorch torch,100,
tensorflow torch,75,
efficientnet sklearn tensorflow,66,
spacy,63,
lightgbm sklearn xgboost,58,
sklearn spacy,57,
lightgbm optuna,55,
catboost lightgbm xgboost,53,
catboost sklearn,51,
catboost lightgbm sklearn xgboost,46,
sklearn torch transformers,39,
sklearn tensorflow transformers,36,
pretrainedmodels torch,35,
scipy sklearn,34,
sklearn tensorflow tensorflow-addons,34,
cuml torch,34,
lightgbm xgboost,33,
pytorch-lightning torch,28,
keras lightgbm sklearn tensorflow,28,
lightgbm optuna sklearn,27,
fastai torch,27,
efficientnet keras tensorflow,27,
pytorch-tabnet torch,26,
catboost lightgbm sklearn,25,
efficientnet-pytorch sklearn torch,25,
cuml tensorflow,25,
lightgbm torch,24,
gensim keras,24,
optuna xgboost,22,
ignite torch,22,
torchvision,22,
autogluon,22,
catboost lightgbm sklearn tensorflow xgboost,22,
facenet-pytorch torch,21,
tensorflow tensorflow-addons,21,
apex torch,21,
efficientnet keras,19,
lightgbm scipy sklearn,19,
spacy tensorflow,19,
catboost lightgbm scipy sklearn xgboost,19,
gensim sklearn,18,
transformers,18,
detectron2 torch,18,
lightgbm sklearn tensorflow,17,
pytorch-tabnet,17,
fastai,16,
sklearn torch torchvision,16,
pytorch-lightning torch transformers,15,
scipy sklearn torch,15,
optuna sklearn,15,
sklearn tensorflow xgboost,14,
keras torch,14,
catboost lightgbm,13,
cuml efficientnet tensorflow,13,
cuml,13,
bayesian-optimization lightgbm sklearn,13,
catboost sklearn xgboost,13,
cuml torch transformers,13,
lightgbm tensorflow,12,
lightgbm scipy sklearn torch,12,
optuna,11,
efficientnet-pytorch,11,
efficientnet keras scipy sklearn tensorflow,11,
keras scipy sklearn tensorflow,11,
gluoncv mxnet,11,
detectron2,11,
optuna sklearn xgboost,11,
pytorch-tabnet sklearn torch,11,
gensim,10,
sklearn spacy xgboost,9,
gensim torch,9,
hyperopt xgboost,9,
keras sklearn xgboost,9,
pycaret,9,
spacy torch transformers,8,
gensim sklearn xgboost,8,
networkx,8,
scipy sklearn tensorflow,8,
efficientnet-pytorch pretrainedmodels torch,8,
sklearn spacy tensorflow,8,
pytorch-lightning sklearn torch,8,
sklearn tensorflow tensorflow-addons torch,8,
keras tensorflow transformers,7,
lightgbm optuna sklearn xgboost,7,
catboost lightgbm sklearn tensorflow,7,
efficientnet-pytorch pytorch-lightning torch,7,
scipy,7,
keras tensorflow torch,7,
catboost lightgbm optuna sklearn xgboost,7,
cuml sklearn,7,
keras sklearn tensorflow tensorflow-addons,7,
torch transformers xgboost,6,
keras spacy tensorflow,6,
spacy torch,6,
scipy torch,6,
bayesian-optimization lightgbm,6,
sklearn tensorflow torch,6,
gensim tensorflow,6,
efficientnet keras sklearn tensorflow,6,
pretrainedmodels sklearn torch,6,
bayesian-optimization lightgbm scipy sklearn,6,
shap sklearn xgboost,6,
catalyst sklearn torch,6,
segmentation_models tensorflow,6,
lightgbm torch transformers,5,
autokeras,5,
lightgbm pytorch-tabnet torch,5,
pytorch-lightning torch torchvision,5,
tez torch torchvision,5,
mxnet,5,
fastai gensim torch,5,
keras lightgbm sklearn,5,
chainer,5,
sklearn statsmodels,5,
tensorflow xgboost,5,
keras sklearn tensorflow xgboost,5,
efficientnet-pytorch sklearn torch torchvision,5,
sentence-transformers torch transformers,4,
sklearn torch transformers xgboost,4,
sentence-transformers sklearn tensorflow torch transformers,4,
gensim lightgbm,4,
sklearn spacy torch,4,
lightgbm shap sklearn,4,
catboost sklearn tensorflow,4,
lightgbm sklearn torch transformers,4,
ktrain,4,
hyperopt lightgbm sklearn,4,
sentence-transformers sklearn,4,
lightgbm scipy sklearn xgboost,4,
pytorch-tabnet sklearn,4,
keras sklearn torch,4,
keras lightgbm,4,
hyperopt sklearn xgboost,4,
catboost keras lightgbm sklearn xgboost,4,
keras spacy,4,
efficientnet-pytorch torch torchvision,4,
keras segmentation_models,4,
keras scipy sklearn,4,
sklearn torch xgboost,4,
lightgbm sklearn tensorflow xgboost,4,
bayesian-optimization lightgbm sklearn xgboost,4,
catboost lightgbm scipy sklearn,4,
facenet-pytorch torch torchvision,4,
keras mtcnn sklearn,4,
facenet-pytorch tensorflow,4,
catboost torch,4,
fasttext,4,
gensim spacy tensorflow,4,
pretrainedmodels,4,
efficientnet-pytorch torch transformers,4,
bayesian-optimization,4,
cuml efficientnet tensorflow torch,4,
cuml tensorflow torch,4,
catboost lightgbm optuna xgboost,4,
catboost lightgbm mlxtend sklearn,4,
catboost optuna sklearn,4,
tensorflow tensorflow-addons transformers,3,
sklearn transformers catboost,3,
spacy xgboost,3,
lightgbm spacy,3,
keras transformers,3,
lightgbm sklearn spacy,3,
gensim keras sklearn tensorflow,3,
catboost lightgbm optuna sklearn,3,
keras lightgbm tensorflow,3,
torch xgboost,3,
optuna torch,3,
hyperopt lightgbm,3,
catboost lightgbm networkx xgboost,3,
sklearn torch torchvision xgboost,3,
scipy sklearn torch torchvision,3,
efficientnet keras sklearn,3,
bayesian-optimization catboost,3,
catalyst torch,3,
apex torch transformers,3,
gensim sklearn spacy,3,
tensorflow torch transformers,3,
scipy sklearn xgboost,3,
bayesian-optimization catboost lightgbm sklearn tensorflow xgboost,3,
lightgbm shap sklearn xgboost,3,
mtcnn,3,
mtcnn tensorflow,3,
catboost tensorflow,3,
gensim GPUtil keras sklearn torch transformers xgboost,3,
mlxtend sklearn,3,
efficientnet-pytorch tensorflow torch,3,
efficientnet sklearn tensorflow xgboost,3,
optuna sklearn tensorflow,3,
pymc3,3,
lightgbm shap,3,
cuml tensorflow torch transformers,3,
cuml torch transformers xgboost,3,
skorch torch,3,
catboost optuna xgboost,3,
keras scipy sklearn tensorflow tensorflow-addons,3,
catboost lightgbm mlxtend sklearn xgboost,3,
pytorch-tabnet sklearn tensorflow tensorflow-addons torch,3,
sklearn tensorflow torch transformers,2,
allennlp torch,2,
lightgbm tensorflow transformers,2,
fasttext sklearn torch,2,
autokeras spacy,2,
optuna torch transformers,2,
lightgbm pytorch-lightning spacy torch transformers,2,
lightgbm optuna tensorflow,2,
gensim keras tensorflow,2,
keras pytorch-tabnet sklearn tensorflow,2,
keras lightgbm sklearn tensorflow xgboost,2,
catboost pytorch-tabnet torch,2,
keras lightgbm pytorch-tabnet sklearn tensorflow,2,
pytorch-tabnet sklearn tensorflow,2,
efficientnet-pytorch tez torch,2,
efficientnet tensorflow torch,2,
fastai gensim sklearn torch,2,
gensim keras spacy,2,
keras xgboost,2,
pytorch-lightning,2,
efficientnet-pytorch pytorch-lightning sklearn torch,2,
bayesian-optimization sklearn,2,
hyperopt lightgbm networkx,2,
apex efficientnet-pytorch sklearn torch,2,
efficientnet-pytorch scipy sklearn torch,2,
efficientnet-pytorch scipy torch,2,
efficientnet-pytorch fastai sklearn,2,
efficientnet-pytorch keras pretrainedmodels sklearn tensorflow torch,2,
tensorboard tensorflow,2,
efficientnet keras tensorflow torch,2,
fastai torch torchvision,2,
catboost sklearn torch,2,
flair,2,
catboost sklearn tensorflow xgboost,2,
lightgbm scipy,2,
scipy sklearn tensorflow xgboost,2,
efficientnet-pytorch facenet-pytorch torch,2,
sklearn statsmodels tensorflow,2,
catboost hyperopt lightgbm sklearn,2,
sklearn spacy tensorflow torch transformers,2,
keras sklearn spacy xgboost,2,
catboost keras sklearn,2,
keras sklearn spacy torch transformers,2,
lightgbm mlxtend sklearn xgboost,2,
pytorch-lightning pytorch-tabnet torch,2,
lightgbm tensorflow xgboost,2,
fastai sklearn torch,2,
cuml keras tensorflow,2,
lightgbm sklearn torch xgboost,2,
lightgbm optuna shap,2,
sklearn statsmodels xgboost,2,
gensim lightgbm sklearn,2,
bayesian-optimization lightgbm shap sklearn xgboost,2,
lightgbm optuna shap sklearn,2,
sklearn skorch torch,2,
lightgbm optuna sklearn tensorflow,2,
catboost optuna sklearn xgboost,2,
catboost optuna shap sklearn xgboost,2,
keras tensorflow-addons,2,
cuml xgboost,2,
keras tensorflow tensorflow-addons,2,
optuna tensorflow tensorflow-addons,2,
tabnet tensorflow tensorflow-addons,2,
sklearn spacy tensorflow transformers xgboost,1,
gensim spacy xgboost,1,
gensim lightgbm optuna,1,
pytorch-lightning sklearn torch transformers,1,
gensim sklearn tensorflow transformers,1,
keras sklearn spacy tensorflow xgboost,1,
gensim sklearn tensorflow,1,
keras sklearn tensorflow torch transformers,1,
gensim xgboost,1,
sentence-transformers,1,
keras sklearn tensorflow transformers,1,
keras tensorflow torch transformers,1,
keras pymc3 sklearn spacy tensorflow,1,
sentence-transformers torch,1,
pyro torch transformers,1,
optuna sklearn torch transformers xgboost,1,
catboost sentence-transformers sklearn,1,
lightgbm sklearn torch transformers xgboost,1,
lightgbm optuna sentence-transformers sklearn spacy statsmodels,1,
lightgbm optuna pytorch-lightning sklearn tensorflow torch transformers,1,
optuna pytorch-lightning tensorflow torch transformers,1,
catboost lightgbm sklearn spacy xgboost,1,
pytorch-lightning sentence-transformers torch,1,
sentence-transformers spacy xgboost,1,
autokeras torch transformers,1,
spacy tensorflow xgboost,1,
sentence-transformers spacy tensorflow,1,
keras lightgbm xgboost,1,
lightgbm pytorch-tabnet sklearn torch,1,
catboost hyperopt,1,
lightgbm shap tensorflow,1,
shap sklearn tensorboard tensorflow xgboost,1,
optuna sklearn tensorflow xgboost,1,
pytorch-lightning sklearn tensorflow torch,1,
lightgbm pytorch-tabnet,1,
keras lightgbm pytorch-tabnet tensorflow torch,1,
tez torch,1,
pytorch-lightning sklearn torch torchvision,1,
GPyOpt lightgbm sklearn,1,
GPyOpt sklearn xgboost,1,
bayes_opt hyperopt sklearn,1,
bayes_opt catboost lightgbm sklearn xgboost,1,
autokeras sklearn,1,
catalyst pretrainedmodels torch,1,
keras kerastuner sklearn,1,
einops torch,1,
efficientnet optuna sklearn tensorflow,1,
pretrainedmodels tensorflow torch,1,
keras shap tensorflow,1,
efficientnet keras torch,1,
mxnet torch,1,
keras segmentation_models tensorflow,1,
chainer networkx,1,
catboost lightgbm shap sklearn xgboost,1,
catboost lightgbm networkx sklearn xgboost,1,
fastai scipy sklearn,1,
keras lightgbm scipy sklearn tensorflow,1,
ignite scipy sklearn torch torchvision,1,
efficientnet-pytorch sklearn,1,
fastai sklearn,1,
efficientnet keras scipy sklearn,1,
efficientnet-pytorch keras pretrainedmodels scipy sklearn torch,1,
efficientnet-pytorch keras pretrainedmodels sklearn tensorflow torch torchvision,1,
apex torch torchvision,1,
apex sklearn torch torchvision,1,
torch torchvision xgboost,1,
ignite torch torchvision,1,
efficientnet-pytorch pretrainedmodels,1,
ignite pretrainedmodels sklearn torch,1,
chainer sklearn,1,
networkx tensorflow,1,
mlxtend sklearn tensorflow,1,
sentencepiece spacy torch,1,
catboost scipy,1,
catboost lightgbm scipy sklearn torch,1,
chainer lightgbm scipy,1,
keras lightgbm scipy sklearn,1,
catboost keras lightgbm sklearn tensorflow xgboost,1,
bayesian-optimization catboost lightgbm scipy sklearn xgboost,1,
catboost keras lightgbm scipy xgboost,1,
keras lightgbm scipy,1,
catboost keras sklearn xgboost,1,
catboost lightgbm scipy torch xgboost,1,
hyperopt lightgbm scipy sklearn xgboost,1,
catboost scipy sklearn,1,
catboost keras lightgbm scipy sklearn tensorflow xgboost,1,
bayesian-optimization lightgbm scipy,1,
efficientnet keras mtcnn,1,
efficientnet torch,1,
facenet-pytorch,1,
facenet-pytorch sklearn torch,1,
facenet-pytorch keras,1,
catboost lightgbm pretrainedmodels sklearn torch torchvision,1,
facenet-pytorch pretrainedmodels torch,1,
keras mtcnn,1,
lightgbm mtcnn sklearn,1,
facenet-pytorch tensorflow torch,1,
mtcnn torch,1,
kmodes lightgbm,1,
catboost keras tensorflow,1,
catboost shap,1,
ktrain spacy,1,
gensim sklearn spacy torch,1,
lightgbm sentence-transformers sklearn,1,
GPUtil torch transformers,1,
gensim sklearn tensorflow xgboost,1,
pytorch-lightning sklearn torch xgboost,1,
shap,1,
lightgbm sklearn spacy xgboost,1,
keras ktrain spacy,1,
spacy tensorflow torch,1,
nltk spacy,1,
fastai torch transformers,1,
sklearn yellowbrick,1,
gensim torch transformers,1,
optuna sklearn spacy tensorflow transformers,1,
keras kerastuner tensorflow,1,
keras sklearn spacy tensorflow,1,
lightgbm sklearn tensorflow transformers,1,
apex sklearn torch,1,
gensim keras sklearn,1,
nltk sklearn,1,
fasttext sklearn spacy torch,1,
networkx torch,1,
scipy tensorflow torch torchvision,1,
efficientnet-pytorch sklearn torch transformers,1,
autoviml,1,
keras torch torchvision,1,
tensorflow torchvision,1,
efficientnet-pytorch torch xgboost,1,
catboost shap sklearn,1,
efficientnet-pytorch ignite torch,1,
efficientnet pytorch-tabnet sklearn tensorflow,1,
bayesian-optimization catboost sklearn,1,
efficientnet scipy sklearn tensorflow,1,
scipy sklearn tensorflow torch,1,
keras scipy tensorflow torch,1,
scipy xgboost,1,
lightgbm sklearn torch,1,
catboost lightgbm scipy sklearn tensorflow xgboost,1,
lightgbm scipy torch,1,
hyperopt sklearn torch,1,
bayesian-optimization lightgbm torch,1,
pyro torch,1,
lightgbm networkx,1,
segmentation_models sklearn tensorflow,1,
shap xgboost,1,
mxnet sklearn,1,
GPUtil sklearn tensorflow torch,1,
segmentation_models,1,
cuml keras,1,
einops tensorflow,1,
networkx torch transformers,1,
cuml efficientnet keras tensorflow transformers,1,
keras sentence-transformers tensorflow,1,
cuml torch torchvision,1,
sentence-transformers torch torchvision,1,
cuml efficientnet-pytorch torch transformers,1,
fasttext sklearn,1,
cuml sklearn torch transformers,1,
cuml efficientnet-pytorch torch torchvision,1,
cuml gensim torch transformers,1,
efficientnet-pytorch torch torchvision transformers,1,
optuna tensorflow,1,
cuml sklearn tensorflow,1,
efficientnet sklearn tensorflow torch transformers,1,
cuml sentence-transformers,1,
cuml gensim torch torchvision,1,
cuml torch torchvision transformers,1,
lightgbm optuna tensorflow xgboost,1,
catboost keras sklearn tensorflow xgboost,1,
pytorch-tabnet xgboost,1,
catboost optuna,1,
optuna pytorch-tabnet,1,
gplearn sklearn,1,
catboost hyperopt sklearn,1,
catboost lightgbm mlxtend xgboost,1,
catboost cuml lightgbm sklearn tensorflow tensorflow-addons xgboost,1,
detectron2 sklearn,1,
keras lightgbm optuna tensorflow,1,
catboost hyperopt shap,1,
catboost keras tensorflow xgboost,1,
catboost lightgbm sklearn statsmodels,1,
lightgbm optuna xgboost,1,
catboost cuml lightgbm sklearn xgboost,1,
lightgbm pytorch-tabnet xgboost,1,
dabl,1,
keras lightgbm optuna sklearn tensorflow xgboost,1,
catboost sklearn statsmodels,1,
catboost cuml lightgbm xgboost,1,
bayesian-optimization lightgbm shap sklearn,1,
catboost tensorflow xgboost,1,
joblib optuna sklearn tensorflow,1,
cuml networkx shap,1,
gensim spacy,1,
catboost lightgbm mlxtend sklearn tensorflow,1,
lightgbm networkx scipy sklearn,1,
catboost lightgbm optuna sklearn tensorflow xgboost,1,
pyspark,1,
bayesian-optimization catboost lightgbm sklearn,1,
bayesian-optimization catboost lightgbm mlxtend sklearn,1,
catboost lightgbm mlxtend shap sklearn,1,
optuna pytorch-tabnet sklearn,1,
catboost xgboost,1,
catboost lightgbm mlxtend sklearn tensorflow xgboost,1,
hyperopt keras optuna sklearn tensorflow,1,
catboost keras lightgbm optuna sklearn tensorflow xgboost,1,
catboost lightgbm shap,1,
pycaret sklearn,1,
keras statsmodels tensorflow,1,
keras kerastuner scipy sklearn tensorflow tensorflow-addons,1,
catboost sklearn tensorflow tensorflow-addons,1,
lightgbm sklearn yellowbrick,1,
catboost keras lightgbm sklearn tensorflow,1,
tensorflow torch torchvision,1,
pretrainedmodels torch torchvision,1,
detectron2 tensorflow,1,
detectron2 torch torchvision,1,
autogluon sklearn,1,
catboost lightgbm shap sklearn,1,
catboost statsmodels xgboost,1,
statsmodels xgboost,1,
lightgbm sklearn tensorflow torch,1,
efficientnet-pytorch optuna sklearn tensorflow torch xgboost,1,
tensorflow tensorflow-addons torch,1,
pytorch-tabnet scipy tensorflow torch,1,
optuna pytorch-lightning torch,1,
kerastuner tensorflow,1,
lightgbm optuna sklearn tensorflow torch,1,
datatable,1,
cuml shap sklearn xgboost,1,
lightgbm networkx sklearn,1,
catboost lightgbm scipy,1,
pytorch-tabnet scipy sklearn tensorflow torch,1,
