MT:sklearn ME:sklearn,1078,
MT:tensorflow ME:,725,
MT:torch ME:,707,
MT:tensorflow ME:sklearn,481,
MT:keras ME:,446,
MT:sklearn ME:,419,
MT:keras ME:sklearn,392,
MT:lightgbm ME:sklearn,389,
MT:torch ME:sklearn,283,
MT:torch torchvision ME:,191,
MT:lightgbm sklearn ME:sklearn,177,
MT: ME:sklearn,171,
MT:xgboost ME:sklearn,154,
MT:torch transformers ME:sklearn,142,
MT:keras tensorflow ME:sklearn,139,
MT:keras tensorflow ME:,139,
MT:lightgbm ME:,130,
MT:torch transformers ME:,125,
MT:keras sklearn ME:sklearn,122,
MT:tensorflow ME:tensorflow,111,
MT:sklearn xgboost ME:sklearn,107,
MT:sklearn tensorflow ME:sklearn,107,
MT:sklearn torch ME:,105,
MT:tensorflow ME:sklearn tensorflow,103,
MT:sklearn torch ME:sklearn,96,
MT:xgboost ME:,94,
MT:sklearn tensorflow ME:,91,
MT:spacy ME:,81,
MT:efficientnet-pytorch torch ME:,80,
MT:keras sklearn tensorflow ME:sklearn,77,
MT:efficientnet tensorflow ME:,67,
MT:catboost ME:sklearn,63,
MT:tensorflow transformers ME:,57,
MT:lightgbm sklearn xgboost ME:sklearn,56,
MT:sklearn spacy ME:sklearn,55,
MT:keras sklearn ME:,55,
MT:lightgbm optuna ME:sklearn,52,
MT:catboost sklearn ME:sklearn,51,
MT:lightgbm sklearn ME:,51,
MT:torch torchvision ME:sklearn,51,
MT:catboost lightgbm xgboost ME:sklearn,49,
MT:tensorflow torch ME:,47,
MT:catboost ME:,41,
MT:efficientnet sklearn tensorflow ME:sklearn,39,
MT:catboost lightgbm sklearn xgboost ME:sklearn,38,
MT:tensorflow transformers ME:sklearn,36,
MT:tensorflow transformers ME:tensorflow,36,
MT:sklearn xgboost ME:,34,
MT:sklearn tensorflow ME:tensorflow,33,
MT:cuml torch ME:,33,
MT:optuna xgboost ME:sklearn,32,
MT:torchvision ME:,32,
MT:sklearn torch transformers ME:sklearn,31,
MT:scipy sklearn ME:,31,
MT:ignite torch ME:sklearn,31,
MT:tensorflow torch ME:tensorflow,30,
MT:efficientnet tensorflow ME:sklearn,30,
MT:keras sklearn tensorflow ME:,29,
MT:keras lightgbm sklearn tensorflow ME:sklearn,27,
MT:lightgbm optuna sklearn ME:sklearn,27,
MT:efficientnet-pytorch torch ME:sklearn,27,
MT:pretrainedmodels torch ME:,27,
MT:lightgbm xgboost ME:sklearn,26,
MT:pytorch-tabnet torch ME:sklearn,25,
MT:fastai torch ME:,25,
MT:sklearn tensorflow ME:sklearn tensorflow,23,
MT:catboost lightgbm sklearn ME:sklearn,23,
MT:tensorflow transformers ME:sklearn tensorflow,21,
MT:facenet-pytorch torch ME:,21,
MT:sklearn tensorflow transformers ME:sklearn,21,
MT:cuml tensorflow ME:,21,
MT:lightgbm torch ME:,20,
MT:efficientnet sklearn tensorflow ME:tensorflow,20,
MT:efficientnet-pytorch sklearn torch ME:sklearn,19,
MT:catboost lightgbm sklearn tensorflow xgboost ME:sklearn,19,
MT:autogluon ME:,19,
MT:efficientnet tensorflow ME:sklearn tensorflow,18,
MT:lightgbm scipy sklearn ME:sklearn,18,
MT:catboost lightgbm scipy sklearn xgboost ME:sklearn,17,
MT:sklearn tensorflow tensorflow-addons ME:sklearn,17,
MT:efficientnet tensorflow ME:tensorflow,16,
MT:sklearn tensorflow tensorflow-addons ME:,16,
MT:gensim keras ME:,15,
MT:lightgbm sklearn tensorflow ME:sklearn,15,
MT:efficientnet keras tensorflow ME:sklearn,15,
MT:apex torch ME:sklearn,14,
MT:optuna sklearn ME:sklearn,14,
MT:detectron2 torch ME:,13,
MT:keras tensorflow ME:sklearn tensorflow,13,
MT:bayesian-optimization lightgbm sklearn ME:sklearn,13,
MT:catboost sklearn xgboost ME:sklearn,13,
MT:cuml torch transformers ME:,13,
MT:pytorch-lightning torch transformers ME:sklearn,12,
MT:pytorch-tabnet ME:sklearn,12,
MT:efficientnet keras tensorflow ME:,12,
MT:fastai ME:,12,
MT:keras tensorflow ME:tensorflow,12,
MT:sklearn spacy ME:,12,
MT:lightgbm scipy sklearn torch ME:sklearn,12,
MT:efficientnet sklearn tensorflow ME:,12,
MT:cuml efficientnet tensorflow ME:,12,
MT:transformers ME:sklearn,11,
MT:keras torch ME:,11,
MT:efficientnet keras ME:,11,
MT:gluoncv mxnet ME:,11,
MT:detectron2 ME:,11,
MT:gensim sklearn ME:sklearn,10,
MT:catboost lightgbm ME:sklearn,10,
MT:optuna ME:sklearn,10,
MT:pytorch-lightning torch ME:sklearn,10,
MT:efficientnet-pytorch ME:,10,
MT:sklearn tensorflow xgboost ME:sklearn,10,
MT:tensorflow tensorflow-addons ME:sklearn,10,
MT:spacy tensorflow ME:,9,
MT:hyperopt xgboost ME:sklearn,9,
MT:catboost sklearn ME:,9,
MT:gensim keras ME:sklearn,9,
MT:efficientnet keras ME:sklearn,9,
MT:scipy sklearn torch ME:sklearn,9,
MT:keras ME:sklearn tensorflow,9,
MT:pycaret ME:,9,
MT:sklearn spacy xgboost ME:sklearn,8,
MT:gensim sklearn ME:,8,
MT:sklearn tensorflow transformers ME:sklearn tensorflow,8,
MT:pytorch-lightning torch ME:,8,
MT:keras sklearn xgboost ME:sklearn,8,
MT:networkx ME:,8,
MT:pretrainedmodels torch ME:sklearn,8,
MT:sklearn torch torchvision ME:sklearn,8,
MT:sklearn torch torchvision ME:,8,
MT:sklearn tensorflow tensorflow-addons torch ME:,8,
MT:optuna sklearn xgboost ME:sklearn,8,
MT:tensorflow tensorflow-addons ME:,8,
MT:sklearn torch transformers ME:,7,
MT:transformers ME:,7,
MT:lightgbm optuna sklearn xgboost ME:sklearn,7,
MT:gensim ME:,7,
MT:keras sklearn tensorflow ME:sklearn tensorflow,7,
MT:lightgbm tensorflow ME:sklearn,7,
MT:catboost lightgbm optuna sklearn xgboost ME:sklearn,7,
MT:pytorch-tabnet sklearn torch ME:sklearn,7,
MT:keras sklearn tensorflow tensorflow-addons ME:sklearn,7,
MT:spacy torch transformers ME:,6,
MT:gensim sklearn xgboost ME:sklearn,6,
MT:spacy tensorflow ME:sklearn,6,
MT:catboost lightgbm sklearn xgboost ME:,6,
MT:scipy torch ME:,6,
MT:lightgbm xgboost ME:,6,
MT:pytorch-lightning torch ME:pytorch-lightning sklearn,6,
MT:scipy ME:,6,
MT:keras tensorflow torch ME:sklearn,6,
MT:apex torch ME:,6,
MT:keras sklearn tensorflow ME:tensorflow,6,
MT:keras scipy sklearn tensorflow ME:sklearn,6,
MT:efficientnet keras scipy sklearn tensorflow ME:,6,
MT:scipy sklearn torch ME:,6,
MT:efficientnet-pytorch sklearn torch ME:,6,
MT:bayesian-optimization lightgbm scipy sklearn ME:sklearn,6,
MT:shap sklearn xgboost ME:sklearn,6,
MT:sklearn spacy tensorflow ME:sklearn,6,
MT:keras sklearn ME:sklearn tensorflow,6,
MT:efficientnet-pytorch pytorch-lightning torch ME:pytorch-lightning,6,
MT:segmentation_models tensorflow ME:,6,
MT:keras spacy tensorflow ME:,5,
MT:lightgbm torch transformers ME:sklearn,5,
MT:spacy torch ME:sklearn,5,
MT:gensim torch ME:,5,
MT:tensorflow torch ME:sklearn,5,
MT:lightgbm pytorch-tabnet torch ME:sklearn,5,
MT:pytorch-tabnet ME:,5,
MT:bayesian-optimization lightgbm ME:sklearn,5,
MT:tez torch torchvision ME:sklearn,5,
MT:fastai gensim torch ME:,5,
MT:efficientnet sklearn tensorflow ME:sklearn tensorflow,5,
MT:efficientnet keras sklearn tensorflow ME:sklearn,5,
MT:efficientnet keras scipy sklearn tensorflow ME:sklearn,5,
MT: ME:fastai,5,
MT:pretrainedmodels sklearn torch ME:sklearn,5,
MT:keras scipy sklearn tensorflow ME:,5,
MT:scipy sklearn tensorflow ME:sklearn,5,
MT:efficientnet-pytorch pretrainedmodels torch ME:,5,
MT:catalyst sklearn torch ME:sklearn,5,
MT:sklearn tensorflow transformers ME:,4,
MT:torch transformers xgboost ME:sklearn,4,
MT:sklearn torch transformers xgboost ME:sklearn,4,
MT:sentence-transformers sklearn tensorflow torch transformers ME:sklearn,4,
MT:gensim lightgbm ME:sklearn,4,
MT:autokeras ME:,4,
MT:sklearn spacy torch ME:sklearn,4,
MT:lightgbm shap sklearn ME:sklearn,4,
MT:catboost sklearn tensorflow ME:sklearn,4,
MT:catboost lightgbm xgboost ME:,4,
MT:pytorch-tabnet sklearn ME:sklearn,4,
MT:lightgbm torch ME:sklearn,4,
MT:catboost lightgbm sklearn tensorflow ME:sklearn,4,
MT:sklearn tensorflow torch ME:sklearn,4,
MT:keras sklearn torch ME:,4,
MT:keras lightgbm ME:sklearn,4,
MT:hyperopt sklearn xgboost ME:sklearn,4,
MT:gensim torch ME:sklearn,4,
MT:keras lightgbm sklearn ME:sklearn,4,
MT:mxnet ME:,4,
MT:sklearn torch xgboost ME:sklearn,4,
MT:sklearn statsmodels ME:sklearn,4,
MT:lightgbm sklearn tensorflow xgboost ME:sklearn,4,
MT:bayesian-optimization lightgbm sklearn xgboost ME:sklearn,4,
MT:catboost lightgbm scipy sklearn ME:sklearn,4,
MT:facenet-pytorch torch torchvision ME:,4,
MT:facenet-pytorch tensorflow ME:,4,
MT:sklearn ME:mlxtend sklearn,4,
MT:keras sklearn tensorflow xgboost ME:sklearn,4,
MT:pytorch-lightning sklearn torch ME:,4,
MT:cuml efficientnet tensorflow torch ME:,4,
MT:cuml tensorflow torch ME:,4,
MT:catboost lightgbm optuna xgboost ME:sklearn,4,
MT:cuml ME:cuml,4,
MT:catboost lightgbm mlxtend sklearn ME:sklearn,4,
MT:catboost optuna sklearn ME:sklearn,4,
MT:pytorch-tabnet sklearn torch ME:,4,
MT:sentence-transformers torch transformers ME:sklearn,3,
MT:sklearn tensorflow transformers ME:tensorflow,3,
MT:tensorflow tensorflow-addons transformers ME:sklearn tensorflow,3,
MT:spacy tensorflow ME:sklearn tensorflow,3,
MT:keras transformers ME:,3,
MT:lightgbm sklearn spacy ME:sklearn,3,
MT:gensim keras sklearn tensorflow ME:sklearn,3,
MT:ktrain ME:sklearn,3,
MT:lightgbm sklearn torch transformers ME:sklearn,3,
MT:hyperopt lightgbm sklearn ME:sklearn,3,
MT:gensim ME:sklearn,3,
MT:lightgbm scipy sklearn xgboost ME:,3,
MT:torch xgboost ME:,3,
MT:pytorch-lightning torch torchvision ME:sklearn,3,
MT:optuna torch ME:,3,
MT:cuml ME:,3,
MT:gensim tensorflow ME:sklearn,3,
MT:hyperopt lightgbm ME:sklearn,3,
MT:catboost keras lightgbm sklearn xgboost ME:sklearn,3,
MT:torch ME:fastai,3,
MT:efficientnet-pytorch torch torchvision ME:,3,
MT:cuml ME:cuml sklearn,3,
MT:fastai ME:sklearn,3,
MT:keras segmentation_models ME:,3,
MT:chainer ME:chainer,3,
MT:lightgbm optuna ME:,3,
MT:catboost lightgbm networkx xgboost ME:sklearn,3,
MT:scipy sklearn torch torchvision ME:sklearn,3,
MT:scipy sklearn ME:sklearn,3,
MT:keras scipy sklearn ME:sklearn,3,
MT:keras torch ME:sklearn,3,
MT:catboost lightgbm sklearn tensorflow ME:,3,
MT:apex torch transformers ME:,3,
MT:keras tensorflow transformers ME:sklearn,3,
MT:gensim sklearn spacy ME:sklearn,3,
MT:tensorflow torch transformers ME:sklearn,3,
MT:bayesian-optimization catboost lightgbm sklearn tensorflow xgboost ME:sklearn,3,
MT:lightgbm shap sklearn xgboost ME:sklearn,3,
MT:mtcnn ME:,3,
MT:sklearn xgboost ME:sklearn xgboost,3,
MT:gensim GPUtil keras sklearn torch transformers xgboost ME:sklearn,3,
MT:pretrainedmodels ME:sklearn,3,
MT:tensorflow torch ME:sklearn tensorflow,3,
MT:detectron2 torch ME:detectron2,3,
MT:bayesian-optimization ME:sklearn,3,
MT:efficientnet-pytorch pretrainedmodels torch ME:sklearn,3,
MT:cuml tensorflow ME:sklearn,3,
MT:tensorflow xgboost ME:sklearn,3,
MT:efficientnet-pytorch sklearn torch torchvision ME:sklearn,3,
MT:optuna sklearn tensorflow ME:,3,
MT:pymc3 ME:,3,
MT:optuna sklearn xgboost ME:,3,
MT:lightgbm shap ME:sklearn,3,
MT:pytorch-lightning sklearn torch ME:sklearn,3,
MT:efficientnet-pytorch torch transformers ME:,3,
MT:cuml tensorflow torch transformers ME:,3,
MT:cuml torch transformers xgboost ME:,3,
MT:skorch torch ME:sklearn,3,
MT:cuml sklearn ME:sklearn,3,
MT:keras scipy sklearn tensorflow tensorflow-addons ME:sklearn,3,
MT:catboost lightgbm mlxtend sklearn xgboost ME:sklearn,3,
MT:pytorch-tabnet sklearn tensorflow tensorflow-addons torch ME:sklearn,3,
MT:catboost lightgbm ME:,3,
MT:lightgbm tensorflow ME:,2,
MT:sklearn tensorflow xgboost ME:sklearn tensorflow,2,
MT:sklearn tensorflow torch transformers ME:sklearn,2,
MT:allennlp torch ME:,2,
MT:fasttext sklearn torch ME:,2,
MT:autokeras spacy ME:,2,
MT:optuna torch transformers ME:sklearn,2,
MT:lightgbm pytorch-lightning spacy torch transformers ME:sklearn,2,
MT:sklearn transformers ME:sklearn,2,
MT:spacy xgboost ME:sklearn,2,
MT:lightgbm spacy ME:sklearn,2,
MT:lightgbm optuna tensorflow ME:sklearn tensorflow,2,
MT:spacy torch transformers ME:sklearn,2,
MT:torch transformers xgboost ME:,2,
MT:sentence-transformers sklearn ME:sklearn,2,
MT:lightgbm sklearn xgboost ME:,2,
MT:keras pytorch-tabnet sklearn tensorflow ME:sklearn,2,
MT:catboost lightgbm sklearn ME:,2,
MT:catboost lightgbm scipy sklearn xgboost ME:,2,
MT:catboost pytorch-tabnet torch ME:sklearn,2,
MT:keras lightgbm tensorflow ME:sklearn,2,
MT:pytorch-tabnet sklearn tensorflow ME:,2,
MT:efficientnet-pytorch tez torch ME:sklearn,2,
MT:efficientnet tensorflow torch ME:,2,
MT:gensim tensorflow ME:,2,
MT:keras spacy ME:,2,
MT:gensim keras spacy ME:,2,
MT:pytorch-lightning ME:,2,
MT:fastai torch ME:sklearn,2,
MT:pytorch-lightning torch ME:cleanlab sklearn,2,
MT:hyperopt lightgbm networkx ME:sklearn,2,
MT:sklearn torch torchvision xgboost ME:sklearn,2,
MT:efficientnet keras sklearn ME:sklearn,2,
MT:apex efficientnet-pytorch sklearn torch ME:sklearn,2,
MT:efficientnet-pytorch scipy torch ME:,2,
MT:efficientnet-pytorch fastai sklearn ME:,2,
MT:keras sklearn tensorflow ME:mlxtend sklearn,2,
MT:efficientnet-pytorch keras pretrainedmodels sklearn tensorflow torch ME:keras sklearn,2,
MT:tensorboard tensorflow ME:sklearn,2,
MT:efficientnet keras tensorflow torch ME:,2,
MT:fastai torch torchvision ME:,2,
MT:bayesian-optimization catboost ME:catboost,2,
MT:catboost sklearn torch ME:,2,
MT:catalyst torch ME:sklearn,2,
MT:tensorflow xgboost ME:tensorflow,2,
MT:spacy ME:sklearn,2,
MT:flair ME:,2,
MT:catboost sklearn tensorflow xgboost ME:sklearn tensorflow,2,
MT:scipy sklearn xgboost ME:,2,
MT:lightgbm scipy sklearn ME:,2,
MT:scipy sklearn tensorflow ME:,2,
MT:scipy sklearn tensorflow xgboost ME:,2,
MT:efficientnet-pytorch facenet-pytorch torch ME:,2,
MT:keras mtcnn sklearn ME:sklearn,2,
MT:keras mtcnn sklearn ME:,2,
MT:mtcnn tensorflow ME:tensorflow,2,
MT:keras sklearn ME:keras sklearn,2,
MT:catboost hyperopt lightgbm sklearn ME:sklearn,2,
MT:catboost torch ME:sklearn,2,
MT:sklearn spacy tensorflow ME:sklearn tensorflow,2,
MT:lightgbm tensorflow ME:sklearn tensorflow,2,
MT:sklearn spacy tensorflow torch transformers ME:sklearn,2,
MT:fasttext ME:sklearn,2,
MT:keras tensorflow transformers ME:,2,
MT:gensim spacy tensorflow ME:,2,
MT:keras sklearn spacy xgboost ME:sklearn,2,
MT:sentence-transformers sklearn ME:,2,
MT:gensim spacy tensorflow ME:sklearn,2,
MT:mlxtend sklearn ME:sklearn,2,
MT:keras spacy ME:sklearn,2,
MT:catboost keras sklearn ME:sklearn,2,
MT:fasttext ME:,2,
MT:efficientnet-pytorch tensorflow torch ME:,2,
MT:efficientnet-pytorch sklearn torch torchvision ME:,2,
MT:efficientnet sklearn tensorflow xgboost ME:sklearn,2,
MT:pytorch-lightning torch torchvision ME:,2,
MT:cuml ME:sklearn,2,
MT:lightgbm mlxtend sklearn xgboost ME:sklearn,2,
MT:catboost torch ME:,2,
MT:sklearn tensorflow torch ME:,2,
MT:fastai sklearn torch ME:,2,
MT:sklearn ME:sklearn tpot,2,
MT:keras ME:keras sklearn,2,
MT:lightgbm sklearn tensorflow ME:sklearn tensorflow,2,
MT:lightgbm sklearn torch xgboost ME:sklearn,2,
MT:catboost optuna xgboost ME:sklearn,2,
MT:catboost lightgbm sklearn xgboost ME:sklearn xgboost,2,
MT:catboost lightgbm sklearn tensorflow xgboost ME:sklearn tensorflow,2,
MT:lightgbm optuna shap ME:sklearn,2,
MT:cuml sklearn ME:cuml,2,
MT:sklearn statsmodels xgboost ME:sklearn,2,
MT:catboost lightgbm optuna sklearn ME:sklearn,2,
MT:gensim lightgbm sklearn ME:sklearn,2,
MT:bayesian-optimization lightgbm shap sklearn xgboost ME:sklearn,2,
MT:lightgbm optuna shap sklearn ME:sklearn,2,
MT:sklearn skorch torch ME:,2,
MT:lightgbm optuna sklearn tensorflow ME:sklearn,2,
MT:autogluon ME:sklearn,2,
MT:catboost optuna shap sklearn xgboost ME:sklearn,2,
MT:keras tensorflow-addons ME:,2,
MT:keras tensorflow tensorflow-addons ME:sklearn,2,
MT:tensorflow tensorflow-addons ME:sklearn tensorflow,2,
MT:pytorch-lightning torch ME:pytorch-lightning,2,
MT:optuna tensorflow tensorflow-addons ME:sklearn,2,
MT:sklearn spacy tensorflow transformers xgboost ME:sklearn tensorflow,1,
MT:torch transformers ME:catalyst,1,
MT:lightgbm tensorflow transformers ME:sklearn,1,
MT:gensim spacy xgboost ME:sklearn,1,
MT:gensim lightgbm optuna ME:sklearn,1,
MT:pytorch-lightning sklearn torch transformers ME:,1,
MT:keras ME:tensorflow,1,
MT:gensim sklearn tensorflow transformers ME:sklearn tensorflow,1,
MT:keras sklearn spacy tensorflow xgboost ME:sklearn tensorflow,1,
MT:spacy xgboost ME:,1,
MT:gensim sklearn tensorflow ME:sklearn,1,
MT:keras sklearn tensorflow torch transformers ME:keras sklearn,1,
MT:gensim xgboost ME:sklearn,1,
MT:sentence-transformers ME:sklearn,1,
MT:keras sklearn tensorflow transformers ME:sklearn tensorflow,1,
MT:keras tensorflow torch transformers ME:keras sklearn,1,
MT:keras pymc3 sklearn spacy tensorflow ME:sklearn,1,
MT:pytorch-lightning torch transformers ME:pytorch-lightning,1,
MT:keras tensorflow ME:keras,1,
MT:sentence-transformers torch ME:,1,
MT:pyro torch transformers ME:sklearn,1,
MT:sentence-transformers torch transformers ME:,1,
MT:lightgbm tensorflow transformers ME:sklearn tensorflow,1,
MT:optuna sklearn torch transformers xgboost ME:sklearn,1,
MT:catboost sentence-transformers sklearn ME:sklearn,1,
MT:lightgbm sklearn torch transformers xgboost ME:sklearn,1,
MT:lightgbm sklearn torch transformers ME:,1,
MT:lightgbm optuna sentence-transformers sklearn spacy statsmodels ME:sklearn,1,
MT:keras spacy tensorflow ME:sklearn tensorflow,1,
MT:lightgbm optuna pytorch-lightning sklearn tensorflow torch transformers ME:sklearn,1,
MT:optuna pytorch-lightning tensorflow torch transformers ME:sklearn,1,
MT:catboost lightgbm sklearn spacy xgboost ME:,1,
MT:keras tensorflow transformers ME:sklearn tensorflow,1,
MT:sklearn transformers ME:,1,
MT:gensim keras tensorflow ME:sklearn tensorflow,1,
MT:pytorch-lightning sentence-transformers torch ME:,1,
MT:sentence-transformers spacy xgboost ME:sklearn,1,
MT:autokeras torch transformers ME:,1,
MT:spacy tensorflow xgboost ME:sklearn tensorflow,1,
MT:sentence-transformers spacy tensorflow ME:sklearn tensorflow,1,
MT:keras lightgbm xgboost ME:,1,
MT:catboost lightgbm optuna sklearn ME:,1,
MT:lightgbm pytorch-tabnet sklearn torch ME:,1,
MT:keras lightgbm sklearn tensorflow ME:,1,
MT:hyperopt lightgbm sklearn ME:,1,
MT:keras lightgbm sklearn tensorflow xgboost ME:keras sklearn,1,
MT:catboost hyperopt ME:sklearn,1,
MT:lightgbm shap tensorflow ME:sklearn,1,
MT:shap sklearn tensorboard tensorflow xgboost ME:sklearn tensorflow,1,
MT:optuna sklearn tensorflow xgboost ME:sklearn,1,
MT:autogluon ME:autogluon,1,
MT: ME:cuml,1,
MT:pytorch-lightning sklearn tensorflow torch ME:,1,
MT:keras lightgbm pytorch-tabnet sklearn tensorflow ME:,1,
MT:keras lightgbm pytorch-tabnet sklearn tensorflow ME:sklearn,1,
MT:lightgbm pytorch-tabnet ME:,1,
MT:keras lightgbm pytorch-tabnet tensorflow torch ME:sklearn,1,
MT:tez torch ME:sklearn,1,
MT:cuml efficientnet tensorflow ME:sklearn,1,
MT:efficientnet-pytorch pytorch-lightning torch ME:pytorch-lightning sklearn,1,
MT:pytorch-lightning sklearn torch torchvision ME:pytorch-lightning sklearn,1,
MT:GPyOpt lightgbm sklearn ME:sklearn,1,
MT:catboost sklearn ME:catboost,1,
MT:GPyOpt sklearn xgboost ME:sklearn,1,
MT:catboost keras lightgbm sklearn xgboost ME:,1,
MT:fastai gensim sklearn torch ME:sklearn,1,
MT:mxnet ME:mxnet,1,
MT:ignite torch ME:ignite sklearn,1,
MT:fastai gensim sklearn torch ME:,1,
MT:bayes_opt hyperopt sklearn ME:sklearn,1,
MT:keras xgboost ME:,1,
MT:bayes_opt catboost lightgbm sklearn xgboost ME:sklearn,1,
MT:autokeras sklearn ME:sklearn,1,
MT:catalyst pretrainedmodels torch ME:sklearn,1,
MT:keras sklearn ME:mlxtend,1,
MT:keras kerastuner sklearn ME:sklearn,1,
MT:einops torch ME:,1,
MT:efficientnet optuna sklearn tensorflow ME:tensorflow,1,
MT:pretrainedmodels tensorflow torch ME:,1,
MT:efficientnet-pytorch pytorch-lightning sklearn torch ME:pytorch-lightning sklearn,1,
MT:chainer ME:chainer sklearn,1,
MT:keras shap tensorflow ME:sklearn,1,
MT:bayesian-optimization sklearn ME:sklearn,1,
MT:keras segmentation_models ME:sklearn,1,
MT:efficientnet keras torch ME:,1,
MT:mxnet torch ME:,1,
MT:keras segmentation_models tensorflow ME:,1,
MT:chainer networkx ME:chainer,1,
MT:catboost lightgbm shap sklearn xgboost ME:sklearn,1,
MT:catboost lightgbm networkx sklearn xgboost ME:sklearn,1,
MT:keras lightgbm tensorflow ME:,1,
MT:fastai scipy sklearn ME:,1,
MT:fastai ME:fastai,1,
MT:keras lightgbm scipy sklearn tensorflow ME:sklearn,1,
MT:sklearn torch torchvision xgboost ME:,1,
MT:efficientnet-pytorch scipy sklearn torch ME:sklearn,1,
MT:ignite scipy sklearn torch torchvision ME:ignite sklearn,1,
MT:efficientnet-pytorch sklearn ME:,1,
MT:fastai sklearn ME:sklearn,1,
MT:efficientnet keras scipy sklearn ME:,1,
MT:efficientnet-pytorch keras pretrainedmodels scipy sklearn torch ME:keras,1,
MT:efficientnet keras sklearn tensorflow ME:,1,
MT:efficientnet-pytorch keras pretrainedmodels sklearn tensorflow torch torchvision ME:keras sklearn,1,
MT:apex torch torchvision ME:,1,
MT:apex sklearn torch torchvision ME:sklearn,1,
MT:torch torchvision xgboost ME:,1,
MT:pretrainedmodels sklearn torch ME:,1,
MT:ignite torch torchvision ME:ignite,1,
MT:efficientnet-pytorch pretrainedmodels ME:,1,
MT:ignite pretrainedmodels sklearn torch ME:,1,
MT:chainer sklearn ME:,1,
MT:efficientnet keras sklearn ME:,1,
MT:networkx tensorflow ME:,1,
MT:sklearn tensorflow ME:mlxtend sklearn,1,
MT:mlxtend sklearn tensorflow ME:sklearn,1,
MT:chainer ME:,1,
MT:sentencepiece spacy torch ME:,1,
MT:spacy torch ME:,1,
MT:pytorch-lightning torch transformers ME:,1,
MT:bayesian-optimization lightgbm ME:,1,
MT:catboost scipy ME:sklearn,1,
MT:catboost lightgbm scipy sklearn torch ME:sklearn,1,
MT:chainer lightgbm scipy ME:chainer sklearn,1,
MT:keras lightgbm scipy sklearn ME:,1,
MT:catboost keras lightgbm sklearn tensorflow xgboost ME:sklearn,1,
MT:bayesian-optimization catboost ME:sklearn,1,
MT:bayesian-optimization catboost lightgbm scipy sklearn xgboost ME:sklearn,1,
MT:catboost keras lightgbm scipy xgboost ME:,1,
MT:keras scipy sklearn ME:,1,
MT:keras lightgbm scipy ME:sklearn,1,
MT:lightgbm scipy ME:sklearn,1,
MT:catboost keras sklearn xgboost ME:sklearn,1,
MT:lightgbm scipy sklearn xgboost ME:sklearn,1,
MT:catboost lightgbm scipy torch xgboost ME:sklearn,1,
MT:hyperopt lightgbm scipy sklearn xgboost ME:sklearn,1,
MT:catboost scipy sklearn ME:sklearn,1,
MT:catboost keras lightgbm scipy sklearn tensorflow xgboost ME:sklearn,1,
MT:bayesian-optimization lightgbm scipy ME:sklearn,1,
MT:efficientnet keras mtcnn ME:sklearn,1,
MT:efficientnet torch ME:,1,
MT:facenet-pytorch ME:,1,
MT:facenet-pytorch sklearn torch ME:,1,
MT:mtcnn tensorflow ME:,1,
MT:facenet-pytorch keras ME:,1,
MT:catboost lightgbm pretrainedmodels sklearn torch torchvision ME:sklearn,1,
MT:facenet-pytorch pretrainedmodels torch ME:,1,
MT:keras mtcnn ME:,1,
MT:lightgbm mtcnn sklearn ME:sklearn,1,
MT:facenet-pytorch tensorflow torch ME:,1,
MT:mtcnn torch ME:,1,
MT:sklearn statsmodels tensorflow ME:sklearn,1,
MT:kmodes lightgbm ME:sklearn,1,
MT:catboost keras tensorflow ME:sklearn tensorflow,1,
MT:catboost tensorflow ME:sklearn,1,
MT:catboost shap ME:sklearn,1,
MT:gensim tensorflow ME:sklearn tensorflow,1,
MT:ktrain spacy ME:sklearn,1,
MT:spacy tensorflow ME:tensorflow,1,
MT:gensim sklearn spacy torch ME:sklearn,1,
MT:sklearn torch transformers ME:mlxtend sklearn,1,
MT:lightgbm sentence-transformers sklearn ME:sklearn,1,
MT:sklearn spacy xgboost ME:,1,
MT:GPUtil torch transformers ME:sklearn,1,
MT:gensim sklearn tensorflow xgboost ME:sklearn,1,
MT:pytorch-lightning sklearn torch xgboost ME:sklearn,1,
MT:pytorch-lightning torch transformers ME:pytorch-lightning sklearn,1,
MT:shap ME:,1,
MT:lightgbm sklearn spacy xgboost ME:sklearn,1,
MT:keras ktrain spacy ME:,1,
MT:spacy tensorflow torch ME:sklearn,1,
MT:nltk spacy ME:nltk,1,
MT:mlxtend sklearn ME:,1,
MT:gensim sklearn xgboost ME:,1,
MT:fastai torch transformers ME:fastai,1,
MT:sklearn yellowbrick ME:sklearn,1,
MT:gensim torch transformers ME:sklearn,1,
MT:optuna sklearn spacy tensorflow transformers ME:sklearn,1,
MT:keras kerastuner tensorflow ME:,1,
MT:keras sklearn spacy tensorflow ME:sklearn,1,
MT:lightgbm sklearn tensorflow transformers ME:sklearn,1,
MT:keras sklearn spacy torch transformers ME:keras sklearn,1,
MT:apex sklearn torch ME:,1,
MT:keras sklearn spacy torch transformers ME:sklearn,1,
MT:keras sklearn xgboost ME:,1,
MT:lightgbm spacy ME:,1,
MT:gensim keras sklearn ME:sklearn,1,
MT:nltk sklearn ME:nltk,1,
MT:fasttext sklearn spacy torch ME:sklearn,1,
MT:gensim sklearn xgboost ME:sklearn xgboost,1,
MT:networkx torch ME:,1,
MT:efficientnet-pytorch scipy sklearn torch ME:,1,
MT:scipy tensorflow torch torchvision ME:,1,
MT:efficientnet-pytorch torch transformers ME:sklearn,1,
MT:efficientnet-pytorch sklearn torch transformers ME:sklearn,1,
MT:tensorflow transformers ME:keras,1,
MT:ktrain ME:,1,
MT:keras tensorflow transformers ME:tensorflow,1,
MT:autoviml ME:,1,
MT:keras torch torchvision ME:,1,
MT:tensorflow torchvision ME:,1,
MT:efficientnet-pytorch tensorflow torch ME:sklearn,1,
MT:scipy ME:sklearn,1,
MT:efficientnet-pytorch pytorch-lightning sklearn torch ME:pytorch-lightning,1,
MT:efficientnet-pytorch torch xgboost ME:sklearn,1,
MT:efficientnet-pytorch torch torchvision ME:sklearn,1,
MT:pytorch-lightning sklearn torch ME:pytorch-lightning sklearn,1,
MT:sklearn tensorflow ME:mlxtend sklearn tensorflow,1,
MT:catboost shap sklearn ME:sklearn,1,
MT:keras sklearn tensorflow xgboost ME:sklearn tensorflow,1,
MT:efficientnet sklearn tensorflow xgboost ME:sklearn tensorflow,1,
MT:efficientnet-pytorch ignite torch ME:ignite sklearn,1,
MT:efficientnet pytorch-tabnet sklearn tensorflow ME:sklearn tensorflow,1,
MT:keras xgboost ME:sklearn,1,
MT:bayesian-optimization catboost sklearn ME:sklearn,1,
MT:efficientnet scipy sklearn tensorflow ME:sklearn,1,
MT:pytorch-lightning pytorch-tabnet torch ME:sklearn,1,
MT:pytorch-lightning pytorch-tabnet torch ME:,1,
MT:scipy sklearn tensorflow ME:tensorflow,1,
MT:scipy sklearn tensorflow torch ME:sklearn,1,
MT:keras scipy tensorflow torch ME:sklearn,1,
MT:scipy xgboost ME:sklearn xgboost,1,
MT:lightgbm sklearn torch ME:sklearn,1,
MT:catboost lightgbm scipy sklearn tensorflow xgboost ME:sklearn,1,
MT:lightgbm scipy torch ME:sklearn,1,
MT:hyperopt sklearn torch ME:,1,
MT:bayesian-optimization lightgbm torch ME:sklearn,1,
MT:pyro torch ME:,1,
MT:lightgbm tensorflow xgboost ME:sklearn,1,
MT:keras ME:keras,1,
MT:lightgbm networkx ME:sklearn,1,
MT:sklearn tensorflow tensorflow-addons ME:tensorflow,1,
MT:segmentation_models sklearn tensorflow ME:,1,
MT:tensorflow ME:keras,1,
MT:sklearn tensorflow xgboost ME:tensorflow,1,
MT:lightgbm tensorflow ME:tensorflow,1,
MT:catboost tensorflow ME:,1,
MT:keras tensorflow torch ME:tensorflow,1,
MT:shap xgboost ME:,1,
MT:catboost tensorflow ME:tensorflow,1,
MT:scipy sklearn xgboost ME:sklearn,1,
MT:mxnet sklearn ME:,1,
MT:GPUtil sklearn tensorflow torch ME:sklearn,1,
MT:segmentation_models ME:,1,
MT:cuml keras tensorflow ME:sklearn,1,
MT:pretrainedmodels ME:,1,
MT:cuml keras ME:sklearn,1,
MT:efficientnet-pytorch ME:sklearn,1,
MT:einops tensorflow ME:sklearn tensorflow,1,
MT:networkx torch transformers ME:,1,
MT:cuml efficientnet keras tensorflow transformers ME:,1,
MT:keras sentence-transformers tensorflow ME:,1,
MT:cuml tensorflow ME:cuml,1,
MT:cuml torch torchvision ME:,1,
MT:sentence-transformers torch torchvision ME:sklearn,1,
MT:cuml efficientnet-pytorch torch transformers ME:,1,
MT:fasttext sklearn ME:,1,
MT:cuml sklearn torch transformers ME:sklearn,1,
MT:cuml efficientnet-pytorch torch torchvision ME:,1,
MT:cuml torch ME:sklearn,1,
MT:cuml gensim torch transformers ME:,1,
MT:efficientnet-pytorch torch torchvision transformers ME:,1,
MT:optuna tensorflow ME:tensorflow,1,
MT:cuml sklearn tensorflow ME:,1,
MT:efficientnet sklearn tensorflow torch transformers ME:,1,
MT:cuml sentence-transformers ME:,1,
MT:cuml keras tensorflow ME:,1,
MT:cuml gensim torch torchvision ME:,1,
MT:cuml torch torchvision transformers ME:,1,
MT:lightgbm optuna tensorflow xgboost ME:sklearn,1,
MT:catboost keras sklearn tensorflow xgboost ME:sklearn,1,
MT:pytorch-tabnet xgboost ME:sklearn,1,
MT:catboost optuna ME:sklearn,1,
MT:sklearn xgboost ME:xgboost,1,
MT:optuna pytorch-tabnet ME:sklearn,1,
MT:gplearn sklearn ME:sklearn,1,
MT:catboost hyperopt sklearn ME:sklearn,1,
MT:catboost lightgbm mlxtend xgboost ME:sklearn,1,
MT:catboost cuml lightgbm sklearn tensorflow tensorflow-addons xgboost ME:sklearn,1,
MT:detectron2 sklearn ME:detectron2,1,
MT:detectron2 torch ME:detectron2 sklearn,1,
MT:keras lightgbm optuna tensorflow ME:sklearn,1,
MT:catboost hyperopt shap ME:sklearn,1,
MT:catboost keras tensorflow xgboost ME:,1,
MT:autokeras ME:sklearn,1,
MT:catboost lightgbm sklearn statsmodels ME:sklearn,1,
MT:cuml sklearn ME:cuml sklearn,1,
MT:lightgbm optuna xgboost ME:sklearn,1,
MT:catboost cuml lightgbm sklearn xgboost ME:sklearn,1,
MT:lightgbm pytorch-tabnet xgboost ME:sklearn,1,
MT:sklearn statsmodels tensorflow ME:,1,
MT:dabl ME:,1,
MT:keras lightgbm optuna sklearn tensorflow xgboost ME:sklearn tensorflow,1,
MT:catboost sklearn statsmodels ME:sklearn,1,
MT:lightgbm xgboost ME:cuml sklearn,1,
MT:catboost cuml lightgbm xgboost ME:sklearn,1,
MT:bayesian-optimization lightgbm shap sklearn ME:sklearn,1,
MT:bayesian-optimization ME:,1,
MT:catboost tensorflow xgboost ME:,1,
MT:joblib optuna sklearn tensorflow ME:sklearn,1,
MT:cuml networkx shap ME:cuml,1,
MT:gensim spacy ME:,1,
MT:keras lightgbm sklearn ME:,1,
MT:catboost lightgbm mlxtend sklearn tensorflow ME:sklearn,1,
MT:lightgbm networkx scipy sklearn ME:sklearn,1,
MT:catboost lightgbm optuna sklearn tensorflow xgboost ME:sklearn xgboost,1,
MT:pyspark ME:pyspark,1,
MT:sklearn tensorflow xgboost ME:,1,
MT:keras lightgbm sklearn tensorflow xgboost ME:sklearn,1,
MT:sklearn statsmodels ME:,1,
MT:optuna ME:,1,
MT:sklearn xgboost ME:mlxtend,1,
MT:bayesian-optimization catboost lightgbm sklearn ME:sklearn,1,
MT:bayesian-optimization catboost lightgbm mlxtend sklearn ME:sklearn,1,
MT:catboost lightgbm mlxtend shap sklearn ME:sklearn,1,
MT:optuna pytorch-tabnet sklearn ME:sklearn,1,
MT:catboost xgboost ME:sklearn,1,
MT:catboost lightgbm mlxtend sklearn tensorflow xgboost ME:sklearn,1,
MT:hyperopt keras optuna sklearn tensorflow ME:sklearn,1,
MT:optuna sklearn ME:,1,
MT:catboost keras lightgbm optuna sklearn tensorflow xgboost ME:sklearn,1,
MT:catboost lightgbm shap ME:sklearn,1,
MT:pycaret sklearn ME:,1,
MT: ME:tpot,1,
MT:cuml ME:cuml tpot,1,
MT:keras statsmodels tensorflow ME:sklearn tensorflow,1,
MT:keras kerastuner scipy sklearn tensorflow tensorflow-addons ME:sklearn,1,
MT:catboost sklearn tensorflow tensorflow-addons ME:sklearn,1,
MT:lightgbm sklearn yellowbrick ME:sklearn,1,
MT:catboost optuna xgboost ME:,1,
MT:catboost keras lightgbm sklearn tensorflow ME:sklearn,1,
MT:catboost optuna sklearn xgboost ME:sklearn xgboost,1,
MT:xgboost ME:xgboost,1,
MT:tensorflow torch torchvision ME:,1,
MT:pretrainedmodels torch torchvision ME:,1,
MT:detectron2 tensorflow ME:,1,
MT:detectron2 torch torchvision ME:,1,
MT:lightgbm tensorflow xgboost ME:,1,
MT:bayesian-optimization sklearn ME:,1,
MT:catboost optuna sklearn xgboost ME:sklearn,1,
MT:autogluon sklearn ME:,1,
MT:catboost lightgbm shap sklearn ME:sklearn,1,
MT:catboost statsmodels xgboost ME:sklearn,1,
MT:statsmodels xgboost ME:sklearn,1,
MT:lightgbm sklearn tensorflow torch ME:sklearn,1,
MT:tensorflow ME:keras sklearn,1,
MT:efficientnet-pytorch optuna sklearn tensorflow torch xgboost ME:sklearn tensorflow,1,
MT:cuml xgboost ME:,1,
MT:tensorflow tensorflow-addons torch ME:sklearn,1,
MT:tensorflow tensorflow-addons ME:tensorflow,1,
MT:cuml sklearn ME:,1,
MT:pytorch-tabnet scipy tensorflow torch ME:,1,
MT:pytorch-tabnet torch ME:,1,
MT:catalyst sklearn torch ME:,1,
MT:catalyst torch ME:,1,
MT:optuna pytorch-lightning torch ME:,1,
MT:kerastuner tensorflow ME:,1,
MT:lightgbm optuna sklearn tensorflow torch ME:sklearn,1,
MT:cuml xgboost ME:cuml sklearn,1,
MT:datatable ME:sklearn,1,
MT:cuml shap sklearn xgboost ME:cuml sklearn,1,
MT:gensim keras tensorflow ME:sklearn,1,
MT:xgboost ME:cuml,1,
MT:lightgbm networkx sklearn ME:sklearn,1,
MT:catboost lightgbm scipy ME:,1,
MT:lightgbm scipy ME:,1,
MT:pytorch-tabnet scipy sklearn tensorflow torch ME:,1,
MT:tabnet tensorflow tensorflow-addons ME:,1,
MT:tabnet tensorflow tensorflow-addons ME:tensorflow,1,
